Start Time,Duration,Run ID,Name,Source Type,Source Name,User,Status,C,gamma,kernel,probability,best_accuracy_cv_mean,cv_accuracy_mean,cv_accuracy_std,cv_f1_macro_mean,cv_f1_macro_std,cv_precision_macro_mean,cv_precision_macro_std,cv_recall_macro_mean,cv_recall_macro_std,test_accuracy,test_auc_macro_ovr,test_f1_macro,test_precision_macro,test_recall_macro
2025-04-19 14:50:39,4.6s,86b198037c044df189bc6cfda0d2cef8,,LOCAL,C:\Users\ziyif\miniconda3\envs\sklearn\lib\site-packages\ipykernel_launcher.py,ziyif,FINISHED,0.1,scale,linear,True,0.9953488372093023,,,,,,,,,1,1,1,1,1
2025-04-19 14:50:34,5.0s,8a9f74461c2c46c091c5775c3687d6fd,,LOCAL,C:\Users\ziyif\miniconda3\envs\sklearn\lib\site-packages\ipykernel_launcher.py,ziyif,FINISHED,20,1,sigmoid,True,,0.2176156107992515,0.005449023859268953,0.07148247978436659,0.0014793563436837907,0.04352312215985031,0.00108980477185379,0.2,0,,,,,
2025-04-19 14:50:29,4.7s,cbfa0a50142246e5abc833a4e7a2bb74,,LOCAL,C:\Users\ziyif\miniconda3\envs\sklearn\lib\site-packages\ipykernel_launcher.py,ziyif,FINISHED,20,0.1,sigmoid,True,,0.020796578454958567,0.018538474543334117,0.009040606871932174,0.007821503367288821,0.005914195867026056,0.005079845592908823,0.019298245614035085,0.01711762935810592,,,,,
2025-04-19 14:50:26,3.3s,56b1c536e2b54cc2b584b67877be91c4,,LOCAL,C:\Users\ziyif\miniconda3\envs\sklearn\lib\site-packages\ipykernel_launcher.py,ziyif,FINISHED,20,0.01,sigmoid,True,,0.1921411387329591,0.021461802839293838,0.19039381298830765,0.018951410615589068,0.22225467078208663,0.006155928482611749,0.18500171998624013,0.0203333860569292,,,,,
2025-04-19 14:50:25,1.3s,7817c87979d640109dce9cd8a6e58757,,LOCAL,C:\Users\ziyif\miniconda3\envs\sklearn\lib\site-packages\ipykernel_launcher.py,ziyif,FINISHED,20,auto,sigmoid,True,,0.9883988238438921,0.010400453580250277,0.9882574656768206,0.010568472715059873,0.9889783281733747,0.010002635544920653,0.98843653250774,0.010373550006380532,,,,,
2025-04-19 14:50:22,3.1s,2083bfe61503412b913ec573d20b6cc6,,LOCAL,C:\Users\ziyif\miniconda3\envs\sklearn\lib\site-packages\ipykernel_launcher.py,ziyif,FINISHED,20,scale,sigmoid,True,,0.19446672012830796,0.02253837797775213,0.19174976113372946,0.019670379733180324,0.22234944510480764,0.006200519325790288,0.18722394220846234,0.021170325132294426,,,,,
2025-04-19 14:50:17,4.8s,b90b22eec1ca4bc9a1a642be1547a456,,LOCAL,C:\Users\ziyif\miniconda3\envs\sklearn\lib\site-packages\ipykernel_launcher.py,ziyif,FINISHED,10,1,sigmoid,True,,0.2176156107992515,0.005449023859268953,0.07148247978436659,0.0014793563436837907,0.04352312215985031,0.00108980477185379,0.2,0,,,,,
2025-04-19 14:50:12,4.7s,99da19167d734b29a70b56a039b52d06,,LOCAL,C:\Users\ziyif\miniconda3\envs\sklearn\lib\site-packages\ipykernel_launcher.py,ziyif,FINISHED,10,0.1,sigmoid,True,,0.032424485431702746,0.03240163608188,0.013000635984302044,0.012218562645041871,0.008327647561928475,0.007712825898788541,0.02982456140350877,0.029356492159090374,,,,,
2025-04-19 14:50:09,3.2s,57597523340d463a92df106e5cfad186,,LOCAL,C:\Users\ziyif\miniconda3\envs\sklearn\lib\site-packages\ipykernel_launcher.py,ziyif,FINISHED,10,0.01,sigmoid,True,,0.1921411387329591,0.021461802839293838,0.19039381298830765,0.018951410615589068,0.22225467078208663,0.006155928482611749,0.18500171998624013,0.0203333860569292,,,,,
2025-04-19 14:50:07,1.6s,58a0b3d3bab248e98cd4fc09bff21c2c,,LOCAL,C:\Users\ziyif\miniconda3\envs\sklearn\lib\site-packages\ipykernel_launcher.py,ziyif,FINISHED,10,auto,sigmoid,True,,0.969901095963646,0.017403878755865406,0.9694879034248682,0.0177507259572435,0.9723968745392894,0.015880467047709186,0.9697815617475062,0.017649776393709793,,,,,
2025-04-19 14:50:04,3.2s,8db2c3289f244cc0acf3e8a3ef1525d1,,LOCAL,C:\Users\ziyif\miniconda3\envs\sklearn\lib\site-packages\ipykernel_launcher.py,ziyif,FINISHED,10,scale,sigmoid,True,,0.19446672012830796,0.02253837797775213,0.19174976113372946,0.019670379733180324,0.22234944510480764,0.006200519325790288,0.18722394220846234,0.021170325132294426,,,,,
2025-04-19 14:49:59,5.0s,7da3c2233e6846bd8d3b554207b926e5,,LOCAL,C:\Users\ziyif\miniconda3\envs\sklearn\lib\site-packages\ipykernel_launcher.py,ziyif,FINISHED,5,1,sigmoid,True,,0.2176156107992515,0.005449023859268953,0.07148247978436659,0.0014793563436837907,0.04352312215985031,0.00108980477185379,0.2,0,,,,,
2025-04-19 14:49:54,5.0s,7769c1da7d674cf9983a41fb8274c58b,,LOCAL,C:\Users\ziyif\miniconda3\envs\sklearn\lib\site-packages\ipykernel_launcher.py,ziyif,FINISHED,5,0.1,sigmoid,True,,0.14108527131782947,0.0625620337891608,0.04863387859712377,0.018971829805779925,0.02993065713408234,0.011218449792723248,0.13052631578947368,0.059396783072277415,,,,,
2025-04-19 14:49:50,3.7s,fc6165431a25455e88139a0b6005b884,,LOCAL,C:\Users\ziyif\miniconda3\envs\sklearn\lib\site-packages\ipykernel_launcher.py,ziyif,FINISHED,5,0.01,sigmoid,True,,0.1921411387329591,0.021461802839293838,0.190468369908482,0.019035969647028583,0.22243293165165184,0.0063442224793678025,0.18500171998624013,0.0203333860569292,,,,,
2025-04-19 14:49:48,1.9s,ef35a8b04a4d433b96e25abf2f604765,,LOCAL,C:\Users\ziyif\miniconda3\envs\sklearn\lib\site-packages\ipykernel_launcher.py,ziyif,FINISHED,5,auto,sigmoid,True,,0.9306067896284416,0.01437372673907949,0.9298279049513372,0.014459091739938599,0.933773180723645,0.01442234504474127,0.9302461300309597,0.01512299058609082,,,,,
2025-04-19 14:49:45,3.5s,6cc7363fb89f4331888349d291520cfe,,LOCAL,C:\Users\ziyif\miniconda3\envs\sklearn\lib\site-packages\ipykernel_launcher.py,ziyif,FINISHED,5,scale,sigmoid,True,,0.19446672012830796,0.02253837797775213,0.19182431805390382,0.01974674211849046,0.22252770597437282,0.006384853497757222,0.18722394220846234,0.021170325132294426,,,,,
2025-04-19 14:49:39,5.3s,26de844c44614362baa49b476039892e,,LOCAL,C:\Users\ziyif\miniconda3\envs\sklearn\lib\site-packages\ipykernel_launcher.py,ziyif,FINISHED,1,1,sigmoid,True,,0.2176156107992515,0.005449023859268953,0.07148247978436659,0.0014793563436837907,0.04352312215985031,0.00108980477185379,0.2,0,,,,,
2025-04-19 14:49:34,5.3s,363589d7f67b4dd4824d4e72f9dd7ca6,,LOCAL,C:\Users\ziyif\miniconda3\envs\sklearn\lib\site-packages\ipykernel_launcher.py,ziyif,FINISHED,1,0.1,sigmoid,True,,0.2176156107992515,0.005449023859268953,0.07148247978436659,0.0014793563436837907,0.04352312215985031,0.00108980477185379,0.2,0,,,,,
2025-04-19 14:49:30,4.0s,eef6420bc60947b68dcf1937b28e4d9b,,LOCAL,C:\Users\ziyif\miniconda3\envs\sklearn\lib\site-packages\ipykernel_launcher.py,ziyif,FINISHED,1,0.01,sigmoid,True,,0.1921411387329591,0.021461802839293838,0.19063528817142275,0.019454929773737292,0.22290802161896578,0.006813885418354558,0.18500171998624013,0.0203333860569292,,,,,
2025-04-19 14:49:27,3.3s,8bdaed53b7344e2ca36757c6490bc9c6,,LOCAL,C:\Users\ziyif\miniconda3\envs\sklearn\lib\site-packages\ipykernel_launcher.py,ziyif,FINISHED,1,auto,sigmoid,True,,0.7199679230152365,0.017462081209896327,0.6580200441707594,0.015777359243875893,0.6705462012499972,0.07225993607778827,0.7184912280701754,0.01588596126693962,,,,,
2025-04-19 14:49:23,3.9s,e0881870befc4a969798e36ee8a6906e,,LOCAL,C:\Users\ziyif\miniconda3\envs\sklearn\lib\site-packages\ipykernel_launcher.py,ziyif,FINISHED,1,scale,sigmoid,True,,0.19446672012830796,0.019995297080567954,0.19144705659619426,0.018430384979972462,0.2236260614938738,0.007988224579838993,0.18710698314413485,0.018491973862466867,,,,,
2025-04-19 14:49:18,5.2s,9d14fa65759943279d4c9e52b000f452,,LOCAL,C:\Users\ziyif\miniconda3\envs\sklearn\lib\site-packages\ipykernel_launcher.py,ziyif,FINISHED,0.1,1,sigmoid,True,,0.2176156107992515,0.005449023859268953,0.07148247978436659,0.0014793563436837907,0.04352312215985031,0.00108980477185379,0.2,0,,,,,
2025-04-19 14:49:12,5.4s,04cf19899e66427d879ddf5cbbe28f15,,LOCAL,C:\Users\ziyif\miniconda3\envs\sklearn\lib\site-packages\ipykernel_launcher.py,ziyif,FINISHED,0.1,0.1,sigmoid,True,,0.2176156107992515,0.005449023859268953,0.07148247978436659,0.0014793563436837907,0.04352312215985031,0.00108980477185379,0.2,0,,,,,
2025-04-19 14:49:07,5.5s,b701b0fd5a4b4d57af8953aa037e296e,,LOCAL,C:\Users\ziyif\miniconda3\envs\sklearn\lib\site-packages\ipykernel_launcher.py,ziyif,FINISHED,0.1,0.01,sigmoid,True,,0.30547981823041964,0.020316936028909056,0.22337483490728732,0.013783271274714052,0.22334402862943414,0.013695062908316171,0.2885724114207086,0.02208178757485256,,,,,
2025-04-19 14:49:02,5.1s,c285067aa0fc42e8bedc08bad8d864eb,,LOCAL,C:\Users\ziyif\miniconda3\envs\sklearn\lib\site-packages\ipykernel_launcher.py,ziyif,FINISHED,0.1,auto,sigmoid,True,,0.42133119486768245,0.007477275189055353,0.23872784284141693,0.0036909266259131787,0.17177672519598258,0.004280481934869939,0.39789473684210525,0.0042105263157894875,,,,,
2025-04-19 14:48:56,5.2s,e2d398fda463494684a0765369341637,,LOCAL,C:\Users\ziyif\miniconda3\envs\sklearn\lib\site-packages\ipykernel_launcher.py,ziyif,FINISHED,0.1,scale,sigmoid,True,,0.30780539962576847,0.02048756539728486,0.225405708871227,0.010881031410419007,0.223833544297032,0.013822467543911466,0.29079463364293084,0.021554128607608015,,,,,
2025-04-19 14:48:49,7.6s,3bae16c7cd8b4f1e9b3f35a29c30d7d8,,LOCAL,C:\Users\ziyif\miniconda3\envs\sklearn\lib\site-packages\ipykernel_launcher.py,ziyif,FINISHED,20,1,rbf,True,,0.5925153702218658,0.043759700515692675,0.5680136603241166,0.04199873413494505,0.8299485895954899,0.08115348486795546,0.5758366013071895,0.04449175010320373,,,,,
2025-04-19 14:48:44,4.5s,6db6f6c1b93a421fa97f790c13a2357b,,LOCAL,C:\Users\ziyif\miniconda3\envs\sklearn\lib\site-packages\ipykernel_launcher.py,ziyif,FINISHED,20,0.1,rbf,True,,0.9883720930232558,0.010400316174417645,0.9882669908628163,0.01049115760965304,0.9891228070175438,0.009684323529583318,0.98843653250774,0.010373550006380532,,,,,
2025-04-19 14:48:43,1.2s,437c6c0ad807467cb9fe628f66718924,,LOCAL,C:\Users\ziyif\miniconda3\envs\sklearn\lib\site-packages\ipykernel_launcher.py,ziyif,FINISHED,20,0.01,rbf,True,,0.9930232558139535,0.009302325581395366,0.992920355630033,0.009350327373056928,0.9930718954248366,0.009349832544966066,0.9932894736842105,0.008652253801459803,,,,,
2025-04-19 14:48:42,1.4s,25c91a1c22334646aac23956023dbc96,,LOCAL,C:\Users\ziyif\miniconda3\envs\sklearn\lib\site-packages\ipykernel_launcher.py,ziyif,FINISHED,20,auto,rbf,True,,0.9907244052392408,0.008694546124915143,0.9906107280300829,0.00893123815427929,0.9913312693498453,0.00795852335012236,0.9905417956656347,0.009240384001165298,,,,,
2025-04-19 14:48:40,1.2s,172bbdf6a7fc456c98063254d1d8270b,,LOCAL,C:\Users\ziyif\miniconda3\envs\sklearn\lib\site-packages\ipykernel_launcher.py,ziyif,FINISHED,20,scale,rbf,True,,0.9930232558139535,0.009302325581395366,0.992920355630033,0.009350327373056928,0.9930718954248366,0.009349832544966066,0.9932894736842105,0.008652253801459803,,,,,
2025-04-19 14:48:34,6.8s,957476a9a9914ce4b7e531955ba15fc9,,LOCAL,C:\Users\ziyif\miniconda3\envs\sklearn\lib\site-packages\ipykernel_launcher.py,ziyif,FINISHED,10,1,rbf,True,,0.5925153702218658,0.043759700515692675,0.5680136603241166,0.04199873413494505,0.8299485895954899,0.08115348486795546,0.5758366013071895,0.04449175010320373,,,,,
2025-04-19 14:48:29,4.5s,3eda83da381340b8aa9c712d7f8a0708,,LOCAL,C:\Users\ziyif\miniconda3\envs\sklearn\lib\site-packages\ipykernel_launcher.py,ziyif,FINISHED,10,0.1,rbf,True,,0.9883720930232558,0.010400316174417645,0.9882669908628163,0.01049115760965304,0.9891228070175438,0.009684323529583318,0.98843653250774,0.010373550006380532,,,,,
2025-04-19 14:48:28,1.4s,cf38981092ff4dcdb2b33cac2d6ccb83,,LOCAL,C:\Users\ziyif\miniconda3\envs\sklearn\lib\site-packages\ipykernel_launcher.py,ziyif,FINISHED,10,0.01,rbf,True,,0.9907244052392408,0.008694546124915143,0.9906271533368308,0.008717431709224966,0.9909666322669419,0.00871647485183061,0.9909365325077399,0.00808875003917031,,,,,
2025-04-19 14:48:26,1.8s,10b47eda085e4b66aefdb53b930c8891,,LOCAL,C:\Users\ziyif\miniconda3\envs\sklearn\lib\site-packages\ipykernel_launcher.py,ziyif,FINISHED,10,auto,rbf,True,,0.9883988238438921,0.010400453580250277,0.9882574656768206,0.010568472715059873,0.9889783281733747,0.010002635544920653,0.98843653250774,0.010373550006380532,,,,,
2025-04-19 14:48:25,1.3s,56efb758124043f0b137e890fbd34356,,LOCAL,C:\Users\ziyif\miniconda3\envs\sklearn\lib\site-packages\ipykernel_launcher.py,ziyif,FINISHED,10,scale,rbf,True,,0.9907244052392408,0.008694546124915143,0.9906271533368308,0.008717431709224966,0.9909666322669419,0.00871647485183061,0.9909365325077399,0.00808875003917031,,,,,
2025-04-19 14:48:17,7.1s,bce5e2ce30454fe4adda61a392386db6,,LOCAL,C:\Users\ziyif\miniconda3\envs\sklearn\lib\site-packages\ipykernel_launcher.py,ziyif,FINISHED,5,1,rbf,True,,0.5925153702218658,0.043759700515692675,0.5680136603241166,0.04199873413494505,0.8299485895954899,0.08115348486795546,0.5758366013071895,0.04449175010320373,,,,,
2025-04-19 14:48:13,4.3s,0f811c0cf41b410aa88201182ac9a982,,LOCAL,C:\Users\ziyif\miniconda3\envs\sklearn\lib\site-packages\ipykernel_launcher.py,ziyif,FINISHED,5,0.1,rbf,True,,0.9883720930232558,0.010400316174417645,0.9882669908628163,0.01049115760965304,0.9891228070175438,0.009684323529583318,0.98843653250774,0.010373550006380532,,,,,
2025-04-19 14:48:12,1.3s,542104937cf34101a9a3bafd195b86fc,,LOCAL,C:\Users\ziyif\miniconda3\envs\sklearn\lib\site-packages\ipykernel_launcher.py,ziyif,FINISHED,5,0.01,rbf,True,,0.9953488372093023,0.005696487773914378,0.9952736179832954,0.005792841673498965,0.9954248366013072,0.005607218454778337,0.9953947368421051,0.005674699645486241,,,,,
2025-04-19 14:48:10,1.9s,9afe5a9ac0874133a90df450d66499ec,,LOCAL,C:\Users\ziyif\miniconda3\envs\sklearn\lib\site-packages\ipykernel_launcher.py,ziyif,FINISHED,5,auto,rbf,True,,0.969901095963646,0.017403878755865406,0.9694879034248682,0.0177507259572435,0.9723968745392894,0.015880467047709186,0.9697815617475062,0.017649776393709793,,,,,
2025-04-19 14:48:09,1.3s,f67802c07de84c248260ea8ed6ddd022,,LOCAL,C:\Users\ziyif\miniconda3\envs\sklearn\lib\site-packages\ipykernel_launcher.py,ziyif,FINISHED,5,scale,rbf,True,,0.9953488372093023,0.005696487773914378,0.9952736179832954,0.005792841673498965,0.9954248366013072,0.005607218454778337,0.9953947368421051,0.005674699645486241,,,,,
2025-04-19 14:48:02,6.9s,8d370d8b6101475197e84a26be63581e,,LOCAL,C:\Users\ziyif\miniconda3\envs\sklearn\lib\site-packages\ipykernel_launcher.py,ziyif,FINISHED,1,1,rbf,True,,0.5485966319165998,0.05154223498755767,0.5129946022912483,0.05760377338120887,0.745457535680165,0.10236574130341317,0.5307352941176471,0.05300338272255197,,,,,
2025-04-19 14:47:57,4.3s,a4d6fc6cb54d48e392bb72861cb7fea9,,LOCAL,C:\Users\ziyif\miniconda3\envs\sklearn\lib\site-packages\ipykernel_launcher.py,ziyif,FINISHED,1,0.1,rbf,True,,0.9883988238438921,0.010400453580250277,0.9883287669245924,0.01049163850068169,0.9892397660818715,0.009684323529583318,0.98843653250774,0.010373550006380532,,,,,
2025-04-19 14:47:56,1.8s,abbf2d6a9a434c52835021011c0a808c,,LOCAL,C:\Users\ziyif\miniconda3\envs\sklearn\lib\site-packages\ipykernel_launcher.py,ziyif,FINISHED,1,0.01,rbf,True,,0.986073242448543,0.013565042117249217,0.9859102965061218,0.013699138097093158,0.9868868249054008,0.013033427002719498,0.9863312693498452,0.012856649901614113,,,,,
2025-04-19 14:47:52,3.3s,aa2e47425c4f4e75b295fdb405bdfba2,,LOCAL,C:\Users\ziyif\miniconda3\envs\sklearn\lib\site-packages\ipykernel_launcher.py,ziyif,FINISHED,1,auto,rbf,True,,0.8518845228548516,0.01675628053272337,0.8491513957784587,0.017437856723090103,0.8693829775958326,0.01758010047981386,0.8512774337805297,0.017335345798047606,,,,,
2025-04-19 14:47:50,2.0s,caa05fe9aeac468a820bf38df8904bbb,,LOCAL,C:\Users\ziyif\miniconda3\envs\sklearn\lib\site-packages\ipykernel_launcher.py,ziyif,FINISHED,1,scale,rbf,True,,0.9837743918738304,0.011879316238743347,0.9835388928443958,0.011972295393723992,0.984781561747506,0.011505884688793315,0.9838312693498452,0.011043088039217122,,,,,
2025-04-19 14:47:43,6.8s,cf11e10444ae4679948d53b9c680dd24,,LOCAL,C:\Users\ziyif\miniconda3\envs\sklearn\lib\site-packages\ipykernel_launcher.py,ziyif,FINISHED,0.1,1,rbf,True,,0.2176156107992515,0.005449023859268953,0.07148247978436659,0.0014793563436837907,0.04352312215985031,0.00108980477185379,0.2,0,,,,,
2025-04-19 14:47:38,5.7s,696daf0a23f4430da6994b9f490b3dd7,,LOCAL,C:\Users\ziyif\miniconda3\envs\sklearn\lib\site-packages\ipykernel_launcher.py,ziyif,FINISHED,0.1,0.1,rbf,True,,0.9375568029938519,0.021298509989618238,0.936958853439012,0.021003897338461246,0.941765688731633,0.019358809184635176,0.9378467492260061,0.020428855342334205,,,,,
2025-04-19 14:47:34,4.1s,2bfa3b0aea6f4e6486e1140d21996997,,LOCAL,C:\Users\ziyif\miniconda3\envs\sklearn\lib\site-packages\ipykernel_launcher.py,ziyif,FINISHED,0.1,0.01,rbf,True,,0.8727612937717186,0.023915794985537607,0.871360793481886,0.024245225180554133,0.8832189647970372,0.022227327015208655,0.8723395252837977,0.02400693685837703,,,,,
2025-04-19 14:47:27,6.5s,8b9045324f21441a89e2e71c4d760134,,LOCAL,C:\Users\ziyif\miniconda3\envs\sklearn\lib\site-packages\ipykernel_launcher.py,ziyif,FINISHED,0.1,auto,rbf,True,,0.5301523656776264,0.01703439241402951,0.402054739057269,0.021071380624700237,0.4091214206561292,0.09185337394000773,0.5118384932920537,0.012465051622518077,,,,,
2025-04-19 14:47:23,4.1s,cc5dc0b7b85d4ffab1186d94fa5ac5d4,,LOCAL,C:\Users\ziyif\miniconda3\envs\sklearn\lib\site-packages\ipykernel_launcher.py,ziyif,FINISHED,0.1,scale,rbf,True,,0.8727612937717186,0.023915794985537607,0.871360793481886,0.024245225180554133,0.8832189647970372,0.022227327015208655,0.8723395252837977,0.02400693685837703,,,,,
2025-04-19 14:47:22,0.7s,5c2f0bc16cf64474ab765f7a3274428b,,LOCAL,C:\Users\ziyif\miniconda3\envs\sklearn\lib\site-packages\ipykernel_launcher.py,ziyif,FINISHED,20,1,poly,True,,0.9883988238438921,0.010400453580250277,0.9881887894942925,0.010492635530023393,0.9891228070175438,0.009684323529583318,0.9882894736842104,0.010380569959640028,,,,,
2025-04-19 14:47:22,0.8s,f87bb4f55cd24d928893571128b17a70,,LOCAL,C:\Users\ziyif\miniconda3\envs\sklearn\lib\site-packages\ipykernel_launcher.py,ziyif,FINISHED,20,0.1,poly,True,,0.9883988238438921,0.010400453580250277,0.9881887894942925,0.010492635530023393,0.9891228070175438,0.009684323529583318,0.9882894736842104,0.010380569959640028,,,,,
2025-04-19 14:47:21,0.9s,e37e651163e8427abf6be3dc6a2d0443,,LOCAL,C:\Users\ziyif\miniconda3\envs\sklearn\lib\site-packages\ipykernel_launcher.py,ziyif,FINISHED,20,0.01,poly,True,,0.9860999732691793,0.011349744016290006,0.9860924636356575,0.011364893862649281,0.9873450292397662,0.010356631036981442,0.9860835913312694,0.011432535704876356,,,,,
2025-04-19 14:47:18,2.6s,58e898ffac19479d8f904cf6b013b6ad,,LOCAL,C:\Users\ziyif\miniconda3\envs\sklearn\lib\site-packages\ipykernel_launcher.py,ziyif,FINISHED,20,auto,poly,True,,0.6944934509489441,0.027340860400170645,0.6411012609707191,0.025118315307481414,0.6439527809148741,0.02135852556069587,0.6937316821465428,0.02773180134263879,,,,,
2025-04-19 14:47:17,0.9s,0a01f9544a1a4094927761d794413da9,,LOCAL,C:\Users\ziyif\miniconda3\envs\sklearn\lib\site-packages\ipykernel_launcher.py,ziyif,FINISHED,20,scale,poly,True,,0.9837743918738304,0.013927142346821826,0.9837992613424552,0.013832139492827652,0.9852397660818714,0.01285579644917424,0.9837306501547989,0.01365395279114584,,,,,
2025-04-19 14:47:16,0.7s,d00abb19ec2746c5804a0ac7c387f96b,,LOCAL,C:\Users\ziyif\miniconda3\envs\sklearn\lib\site-packages\ipykernel_launcher.py,ziyif,FINISHED,10,1,poly,True,,0.9883988238438921,0.010400453580250277,0.9881887894942925,0.010492635530023393,0.9891228070175438,0.009684323529583318,0.9882894736842104,0.010380569959640028,,,,,
2025-04-19 14:47:16,0.7s,cb8a494c8add44a3bedef193c03ab60a,,LOCAL,C:\Users\ziyif\miniconda3\envs\sklearn\lib\site-packages\ipykernel_launcher.py,ziyif,FINISHED,10,0.1,poly,True,,0.9883988238438921,0.010400453580250277,0.9881887894942925,0.010492635530023393,0.9891228070175438,0.009684323529583318,0.9882894736842104,0.010380569959640028,,,,,
2025-04-19 14:47:15,1.0s,ced424f54b30489b800db72a47b1cf04,,LOCAL,C:\Users\ziyif\miniconda3\envs\sklearn\lib\site-packages\ipykernel_launcher.py,ziyif,FINISHED,10,0.01,poly,True,,0.9537022186581128,0.014668524123798094,0.9541791262223199,0.014770696825575339,0.956545604206595,0.014513570141564567,0.9540574475404198,0.01470804917480179,,,,,
2025-04-19 14:47:12,3.0s,5c4b76cff04d4de59c3c7d59b367e6bb,,LOCAL,C:\Users\ziyif\miniconda3\envs\sklearn\lib\site-packages\ipykernel_launcher.py,ziyif,FINISHED,10,auto,poly,True,,0.6504945201817696,0.021834024903022338,0.6001867110462131,0.02013941632597915,0.6238790652711742,0.017593846814200568,0.6477982456140352,0.02141865802780345,,,,,
2025-04-19 14:47:11,1.0s,6746c47010cb46288dbb55b053d25332,,LOCAL,C:\Users\ziyif\miniconda3\envs\sklearn\lib\site-packages\ipykernel_launcher.py,ziyif,FINISHED,10,scale,poly,True,,0.9467789361133386,0.02139608088314196,0.947206298986335,0.021454124601496687,0.9507539928252002,0.020183793969750643,0.9472600619195047,0.020964801862063905,,,,,
2025-04-19 14:47:10,0.9s,92312ddd3502436590041b93cd74a6a5,,LOCAL,C:\Users\ziyif\miniconda3\envs\sklearn\lib\site-packages\ipykernel_launcher.py,ziyif,FINISHED,5,1,poly,True,,0.9883988238438921,0.010400453580250277,0.9881887894942925,0.010492635530023393,0.9891228070175438,0.009684323529583318,0.9882894736842104,0.010380569959640028,,,,,
2025-04-19 14:47:09,0.7s,83abd08c9a9f49e6b02720ed1e25f404,,LOCAL,C:\Users\ziyif\miniconda3\envs\sklearn\lib\site-packages\ipykernel_launcher.py,ziyif,FINISHED,5,0.1,poly,True,,0.9883988238438921,0.010400453580250277,0.9881887894942925,0.010492635530023393,0.9891228070175438,0.009684323529583318,0.9882894736842104,0.010380569959640028,,,,,
2025-04-19 14:47:08,1.0s,450af2f7b19a4398b0dd7016b1b88f55,,LOCAL,C:\Users\ziyif\miniconda3\envs\sklearn\lib\site-packages\ipykernel_launcher.py,ziyif,FINISHED,5,0.01,poly,True,,0.9282544774124565,0.0224356476862385,0.9282838093805836,0.023011515963185666,0.9360407043936456,0.02098444805247964,0.928828689370485,0.022600776532661678,,,,,
2025-04-19 14:47:05,3.2s,097c4f0722a94887a81b02eb72e0ec5d,,LOCAL,C:\Users\ziyif\miniconda3\envs\sklearn\lib\site-packages\ipykernel_launcher.py,ziyif,FINISHED,5,auto,poly,True,,0.594894413258487,0.024397201104124657,0.5445179658623762,0.026708637426822137,0.6094022552138633,0.013275546014649432,0.5893498452012385,0.027239815749779187,,,,,
2025-04-19 14:47:04,1.0s,f2a0e005ab8e44bc8ed79157a0bdb490,,LOCAL,C:\Users\ziyif\miniconda3\envs\sklearn\lib\site-packages\ipykernel_launcher.py,ziyif,FINISHED,5,scale,poly,True,,0.9259288960171077,0.023872044637938603,0.9258636274120144,0.0244649155879235,0.9343490627020039,0.02218620107454914,0.9264757481940145,0.023892021475773528,,,,,
2025-04-19 14:47:03,0.7s,80ff3715abe64ef587e36fd15aa6b1ab,,LOCAL,C:\Users\ziyif\miniconda3\envs\sklearn\lib\site-packages\ipykernel_launcher.py,ziyif,FINISHED,1,1,poly,True,,0.9883988238438921,0.010400453580250277,0.9881887894942925,0.010492635530023393,0.9891228070175438,0.009684323529583318,0.9882894736842104,0.010380569959640028,,,,,
2025-04-19 14:47:02,0.7s,d4c66ac69ebf495d989e109c209c5b70,,LOCAL,C:\Users\ziyif\miniconda3\envs\sklearn\lib\site-packages\ipykernel_launcher.py,ziyif,FINISHED,1,0.1,poly,True,,0.9883988238438921,0.010400453580250277,0.9881887894942925,0.010492635530023393,0.9891228070175438,0.009684323529583318,0.9882894736842104,0.010380569959640028,,,,,
2025-04-19 14:47:01,1.2s,b395d0cfd3ef48d3b25eaea288352231,,LOCAL,C:\Users\ziyif\miniconda3\envs\sklearn\lib\site-packages\ipykernel_launcher.py,ziyif,FINISHED,1,0.01,poly,True,,0.8565356856455495,0.027733609656517864,0.844733920404709,0.03301238853947038,0.8896066382743737,0.02638571125123591,0.8578482972136223,0.026631123888504173,,,,,
2025-04-19 14:46:57,4.1s,ee31634f470043a1809cef6485a1f738,,LOCAL,C:\Users\ziyif\miniconda3\envs\sklearn\lib\site-packages\ipykernel_launcher.py,ziyif,FINISHED,1,auto,poly,True,,0.4051323175621492,0.0259377680294022,0.31240727875479407,0.015604924782356354,0.3525263983134502,0.019194784490242183,0.39243567251461986,0.02034257325374316,,,,,
2025-04-19 14:46:56,1.2s,f6646dd16d5145a0b6b4779d7659691d,,LOCAL,C:\Users\ziyif\miniconda3\envs\sklearn\lib\site-packages\ipykernel_launcher.py,ziyif,FINISHED,1,scale,poly,True,,0.8519112536754878,0.029422486897627217,0.8385286688569968,0.0348449327245036,0.8862650947604165,0.02764988239550769,0.8532731338149295,0.02815796591692914,,,,,
2025-04-19 14:46:55,0.6s,939b83050e4342f99f0063b12466c061,,LOCAL,C:\Users\ziyif\miniconda3\envs\sklearn\lib\site-packages\ipykernel_launcher.py,ziyif,FINISHED,0.1,1,poly,True,,0.9883988238438921,0.010400453580250277,0.9881887894942925,0.010492635530023393,0.9891228070175438,0.009684323529583318,0.9882894736842104,0.010380569959640028,,,,,
2025-04-19 14:46:55,0.7s,a198b04084eb40b38f0978223c82e405,,LOCAL,C:\Users\ziyif\miniconda3\envs\sklearn\lib\site-packages\ipykernel_launcher.py,ziyif,FINISHED,0.1,0.1,poly,True,,0.9860999732691793,0.008716051261135654,0.98589558720109,0.008772657371728066,0.9870175438596492,0.008106537287093972,0.9859365325077398,0.008648306323990681,,,,,
2025-04-19 14:46:53,1.4s,19d9f6750d2d4e59b7045f9578a2c36b,,LOCAL,C:\Users\ziyif\miniconda3\envs\sklearn\lib\site-packages\ipykernel_launcher.py,ziyif,FINISHED,0.1,0.01,poly,True,,0.7870355519914461,0.00924074842536094,0.7244092538286087,0.008891291422487143,0.6947853231382644,0.008218399998310777,0.7884365325077398,0.010373550006380532,,,,,
2025-04-19 14:46:49,4.5s,24ef134fe708458ab5c08934c672932c,,LOCAL,C:\Users\ziyif\miniconda3\envs\sklearn\lib\site-packages\ipykernel_launcher.py,ziyif,FINISHED,0.1,auto,poly,True,,0.23370756482224003,0.03302188008060566,0.09582972582972583,0.048824606656727984,0.08428748997594225,0.08161349473141553,0.2164705882352941,0.032941176470588224,,,,,
2025-04-19 14:46:47,1.5s,b0aba009495d44e18d52deb3be9598e2,,LOCAL,C:\Users\ziyif\miniconda3\envs\sklearn\lib\site-packages\ipykernel_launcher.py,ziyif,FINISHED,0.1,scale,poly,True,,0.7847099705960974,0.012003120738463336,0.7220620846579101,0.012507995704622462,0.6926938198702904,0.01223514817113899,0.7863312693498452,0.012856649901614142,,,,,
2025-04-19 14:46:46,0.7s,881fccdd704a485496e808ab9025d167,,LOCAL,C:\Users\ziyif\miniconda3\envs\sklearn\lib\site-packages\ipykernel_launcher.py,ziyif,FINISHED,20,1,linear,True,,0.9930499866345898,0.005674872008145004,0.992980415690093,0.005737161451964307,0.9933195734434126,0.005468599890861417,0.9930417956656346,0.005716267852438153,,,,,
2025-04-19 14:46:46,0.7s,684af2b92a4c48e39f554260e421a493,,LOCAL,C:\Users\ziyif\miniconda3\envs\sklearn\lib\site-packages\ipykernel_launcher.py,ziyif,FINISHED,20,0.1,linear,True,,0.9930499866345898,0.005674872008145004,0.992980415690093,0.005737161451964307,0.9933195734434126,0.005468599890861417,0.9930417956656346,0.005716267852438153,,,,,
2025-04-19 14:46:45,0.7s,42178ae3922d4e7e842db075cb757f4c,,LOCAL,C:\Users\ziyif\miniconda3\envs\sklearn\lib\site-packages\ipykernel_launcher.py,ziyif,FINISHED,20,0.01,linear,True,,0.9930499866345898,0.005674872008145004,0.992980415690093,0.005737161451964307,0.9933195734434126,0.005468599890861417,0.9930417956656346,0.005716267852438153,,,,,
2025-04-19 14:46:44,0.7s,e91e7b60c68a42619104e553810b05bd,,LOCAL,C:\Users\ziyif\miniconda3\envs\sklearn\lib\site-packages\ipykernel_launcher.py,ziyif,FINISHED,20,auto,linear,True,,0.9930499866345898,0.005674872008145004,0.992980415690093,0.005737161451964307,0.9933195734434126,0.005468599890861417,0.9930417956656346,0.005716267852438153,,,,,
2025-04-19 14:46:44,0.8s,f5ec272f3126434496468ffe577535f0,,LOCAL,C:\Users\ziyif\miniconda3\envs\sklearn\lib\site-packages\ipykernel_launcher.py,ziyif,FINISHED,20,scale,linear,True,,0.9930499866345898,0.005674872008145004,0.992980415690093,0.005737161451964307,0.9933195734434126,0.005468599890861417,0.9930417956656346,0.005716267852438153,,,,,
2025-04-19 14:46:43,0.7s,034d12f087764b50887d3ce1a935b751,,LOCAL,C:\Users\ziyif\miniconda3\envs\sklearn\lib\site-packages\ipykernel_launcher.py,ziyif,FINISHED,10,1,linear,True,,0.9930499866345898,0.005674872008145004,0.992980415690093,0.005737161451964307,0.9933195734434126,0.005468599890861417,0.9930417956656346,0.005716267852438153,,,,,
2025-04-19 14:46:42,0.7s,ea8835ef369a433da29a4c517e9b1b4d,,LOCAL,C:\Users\ziyif\miniconda3\envs\sklearn\lib\site-packages\ipykernel_launcher.py,ziyif,FINISHED,10,0.1,linear,True,,0.9930499866345898,0.005674872008145004,0.992980415690093,0.005737161451964307,0.9933195734434126,0.005468599890861417,0.9930417956656346,0.005716267852438153,,,,,
2025-04-19 14:46:41,0.8s,8bb1ff5337484cc8aa54536fc6a4ac2a,,LOCAL,C:\Users\ziyif\miniconda3\envs\sklearn\lib\site-packages\ipykernel_launcher.py,ziyif,FINISHED,10,0.01,linear,True,,0.9930499866345898,0.005674872008145004,0.992980415690093,0.005737161451964307,0.9933195734434126,0.005468599890861417,0.9930417956656346,0.005716267852438153,,,,,
2025-04-19 14:46:41,0.7s,fce2c696d7c845ccb0b466b36ae1f65d,,LOCAL,C:\Users\ziyif\miniconda3\envs\sklearn\lib\site-packages\ipykernel_launcher.py,ziyif,FINISHED,10,auto,linear,True,,0.9930499866345898,0.005674872008145004,0.992980415690093,0.005737161451964307,0.9933195734434126,0.005468599890861417,0.9930417956656346,0.005716267852438153,,,,,
2025-04-19 14:46:40,0.8s,3faf45f66c4e4b96963c44b900c6c82a,,LOCAL,C:\Users\ziyif\miniconda3\envs\sklearn\lib\site-packages\ipykernel_launcher.py,ziyif,FINISHED,10,scale,linear,True,,0.9930499866345898,0.005674872008145004,0.992980415690093,0.005737161451964307,0.9933195734434126,0.005468599890861417,0.9930417956656346,0.005716267852438153,,,,,
2025-04-19 14:46:39,0.8s,229942f2a15448f0914a9e2a0846c9a7,,LOCAL,C:\Users\ziyif\miniconda3\envs\sklearn\lib\site-packages\ipykernel_launcher.py,ziyif,FINISHED,5,1,linear,True,,0.9930499866345898,0.005674872008145004,0.992980415690093,0.005737161451964307,0.9933195734434126,0.005468599890861417,0.9930417956656346,0.005716267852438153,,,,,
2025-04-19 14:46:38,0.8s,1d3567dd78d54af290928a8920755a12,,LOCAL,C:\Users\ziyif\miniconda3\envs\sklearn\lib\site-packages\ipykernel_launcher.py,ziyif,FINISHED,5,0.1,linear,True,,0.9930499866345898,0.005674872008145004,0.992980415690093,0.005737161451964307,0.9933195734434126,0.005468599890861417,0.9930417956656346,0.005716267852438153,,,,,
2025-04-19 14:46:38,0.7s,7bd37704f7434828b641e0258062cb2b,,LOCAL,C:\Users\ziyif\miniconda3\envs\sklearn\lib\site-packages\ipykernel_launcher.py,ziyif,FINISHED,5,0.01,linear,True,,0.9930499866345898,0.005674872008145004,0.992980415690093,0.005737161451964307,0.9933195734434126,0.005468599890861417,0.9930417956656346,0.005716267852438153,,,,,
2025-04-19 14:46:37,0.7s,bc39f57329a84eadbf254e8d5da2c42c,,LOCAL,C:\Users\ziyif\miniconda3\envs\sklearn\lib\site-packages\ipykernel_launcher.py,ziyif,FINISHED,5,auto,linear,True,,0.9930499866345898,0.005674872008145004,0.992980415690093,0.005737161451964307,0.9933195734434126,0.005468599890861417,0.9930417956656346,0.005716267852438153,,,,,
2025-04-19 14:46:36,0.9s,36f8684855cd443faec5b1148a0baa19,,LOCAL,C:\Users\ziyif\miniconda3\envs\sklearn\lib\site-packages\ipykernel_launcher.py,ziyif,FINISHED,5,scale,linear,True,,0.9930499866345898,0.005674872008145004,0.992980415690093,0.005737161451964307,0.9933195734434126,0.005468599890861417,0.9930417956656346,0.005716267852438153,,,,,
2025-04-19 14:46:35,0.9s,5c577f04569f488c9ddb1592d6b28841,,LOCAL,C:\Users\ziyif\miniconda3\envs\sklearn\lib\site-packages\ipykernel_launcher.py,ziyif,FINISHED,1,1,linear,True,,0.9930499866345898,0.005674872008145004,0.992980415690093,0.005737161451964307,0.9933195734434126,0.005468599890861417,0.9930417956656346,0.005716267852438153,,,,,
2025-04-19 14:46:34,0.8s,66cb4c5a72dc4474b63e92d33f9f50b5,,LOCAL,C:\Users\ziyif\miniconda3\envs\sklearn\lib\site-packages\ipykernel_launcher.py,ziyif,FINISHED,1,0.1,linear,True,,0.9930499866345898,0.005674872008145004,0.992980415690093,0.005737161451964307,0.9933195734434126,0.005468599890861417,0.9930417956656346,0.005716267852438153,,,,,
2025-04-19 14:46:34,0.8s,b69ff11da51d46dcbbbc8dd33a6fb162,,LOCAL,C:\Users\ziyif\miniconda3\envs\sklearn\lib\site-packages\ipykernel_launcher.py,ziyif,FINISHED,1,0.01,linear,True,,0.9930499866345898,0.005674872008145004,0.992980415690093,0.005737161451964307,0.9933195734434126,0.005468599890861417,0.9930417956656346,0.005716267852438153,,,,,
2025-04-19 14:46:33,0.7s,fb112d048d6343e3b9e0e99c61774823,,LOCAL,C:\Users\ziyif\miniconda3\envs\sklearn\lib\site-packages\ipykernel_launcher.py,ziyif,FINISHED,1,auto,linear,True,,0.9930499866345898,0.005674872008145004,0.992980415690093,0.005737161451964307,0.9933195734434126,0.005468599890861417,0.9930417956656346,0.005716267852438153,,,,,
2025-04-19 14:46:32,0.7s,c3630832d6a34ae984428ce07a30578f,,LOCAL,C:\Users\ziyif\miniconda3\envs\sklearn\lib\site-packages\ipykernel_launcher.py,ziyif,FINISHED,1,scale,linear,True,,0.9930499866345898,0.005674872008145004,0.992980415690093,0.005737161451964307,0.9933195734434126,0.005468599890861417,0.9930417956656346,0.005716267852438153,,,,,
2025-04-19 14:46:31,0.7s,e84303b8c63a4a8a854c01c767e642fc,,LOCAL,C:\Users\ziyif\miniconda3\envs\sklearn\lib\site-packages\ipykernel_launcher.py,ziyif,FINISHED,0.1,1,linear,True,,0.9953488372093023,0.005696487773914378,0.9952736179832954,0.005792841673498965,0.9954248366013072,0.005607218454778337,0.9953947368421051,0.005674699645486241,,,,,
2025-04-19 14:46:31,0.7s,d6667ccde4bd4208acc3ce5496bc1fdf,,LOCAL,C:\Users\ziyif\miniconda3\envs\sklearn\lib\site-packages\ipykernel_launcher.py,ziyif,FINISHED,0.1,0.1,linear,True,,0.9953488372093023,0.005696487773914378,0.9952736179832954,0.005792841673498965,0.9954248366013072,0.005607218454778337,0.9953947368421051,0.005674699645486241,,,,,
2025-04-19 14:46:30,0.8s,5407fabf14f644c1bd780d096ab551cb,,LOCAL,C:\Users\ziyif\miniconda3\envs\sklearn\lib\site-packages\ipykernel_launcher.py,ziyif,FINISHED,0.1,0.01,linear,True,,0.9953488372093023,0.005696487773914378,0.9952736179832954,0.005792841673498965,0.9954248366013072,0.005607218454778337,0.9953947368421051,0.005674699645486241,,,,,
2025-04-19 14:46:29,0.8s,a47aa647b20c4c54aa5c995ee317e298,,LOCAL,C:\Users\ziyif\miniconda3\envs\sklearn\lib\site-packages\ipykernel_launcher.py,ziyif,FINISHED,0.1,auto,linear,True,,0.9953488372093023,0.005696487773914378,0.9952736179832954,0.005792841673498965,0.9954248366013072,0.005607218454778337,0.9953947368421051,0.005674699645486241,,,,,
